{"cameraMode":{"drawMode":0,"name":"Shaded","section":"Shading Mode"},"sceneLighting":false,"audioPlay":false,"sceneViewState":{"showFog":true,"showMaterialUpdate":false,"showSkybox":false,"showFlares":true,"showImageEffects":true,"showParticleSystems":true},"in2DMode":false,"pivot":{"x":-0.000001430511474609375,"y":-2.7310221195220949,"z":0.0},"rotation":{"x":0.09648699313402176,"y":0.8970212340354919,"z":-0.3565247654914856,"w":0.24276259541511537},"size":14.711770057678223,"orthographic":false}